run_id,timestamp_ms,raw_m,filtered_m,residual_m,label
1,416178,5.17,5.17,0.00,0
1,416370,4.79,4.85,-0.06,0
1,416442,4.79,4.82,-0.03,0
1,416584,5.15,4.96,0.19,0
1,416766,5.18,5.05,0.13,0
1,416777,4.75,4.93,-0.18,0
1,416979,5.02,4.97,0.05,0
1,417092,4.82,4.91,-0.09,0
1,417164,4.82,4.87,-0.05,0
1,417281,4.82,4.85,-0.03,0
1,417413,4.83,4.84,-0.01,0
1,417580,4.89,4.86,0.03,0
1,417651,4.89,4.87,0.02,0
1,417749,4.87,4.87,-0.00,0
1,417895,4.93,4.89,0.04,0
1,418063,4.87,4.88,-0.01,0
1,418099,5.04,4.95,0.09,0
1,418277,5.08,5.00,0.08,0
1,418399,4.95,4.98,-0.03,0
1,418471,4.90,4.95,-0.05,0
1,418637,5.03,4.98,0.05,0
1,418710,5.02,5.00,0.02,0
1,418902,5.19,5.07,0.12,0
1,418998,5.22,5.13,0.09,0
1,419095,5.27,5.18,0.09,0
1,419238,5.36,5.25,0.11,0
1,419320,5.42,5.32,0.10,0
1,419527,5.48,5.38,0.10,0
1,419548,5.52,5.44,0.08,0
1,419681,5.58,5.49,0.09,0
1,419862,5.46,5.48,-0.02,0
1,419920,5.41,5.45,-0.04,0
1,420127,5.46,5.46,0.00,0
1,420224,5.49,5.47,0.02,0
1,420341,5.47,5.47,0.00,0
1,420413,5.49,5.48,0.01,0
1,420580,5.40,5.45,-0.05,0
1,420712,5.49,5.46,0.03,0
1,420929,5.60,5.52,0.08,0
1,420992,5.56,5.53,0.03,0
1,423403,6.11,5.76,0.35,0
1,424386,3.17,4.75,-1.58,0
1,424564,2.92,4.03,-1.11,0
1,424601,2.86,3.58,-0.72,0
1,424748,2.84,3.29,-0.45,0
1,424855,2.82,3.11,-0.29,0
1,425552,2.46,2.85,-0.39,0
1,425764,2.22,2.61,-0.39,0
1,425876,2.15,2.43,-0.28,0
1,425983,1.75,2.16,-0.41,0
1,426064,1.93,2.07,-0.14,0
1,426172,1.98,2.04,-0.06,0
1,426319,2.17,2.09,0.08,0
1,426461,2.00,2.05,-0.05,0
1,426593,1.58,1.87,-0.29,0
1,426630,1.60,1.76,-0.16,0
1,426847,1.31,1.59,-0.28,0
1,426944,1.31,1.48,-0.17,0
1,426990,1.24,1.39,-0.15,0
1,427133,1.05,1.25,-0.20,0
1,427280,1.23,1.24,-0.01,0
1,427352,1.48,1.34,0.14,0
1,427554,1.50,1.40,0.10,0
1,427636,1.78,1.55,0.23,0
1,427783,1.44,1.51,-0.07,0
1,427840,1.21,1.39,-0.18,0
1,428021,0.96,1.22,-0.26,0
1,428144,0.91,1.10,-0.19,0
1,428251,0.91,1.03,-0.12,0
1,428347,0.90,0.98,-0.08,0
1,428490,0.85,0.93,-0.08,0
1,428586,0.89,0.91,-0.02,0
1,428693,0.85,0.89,-0.04,0
1,428850,0.87,0.88,-0.01,0
1,428922,0.84,0.87,-0.03,0
1,429124,0.87,0.87,0.00,0
1,429246,0.85,0.86,-0.01,0
1,429303,0.88,0.87,0.01,0
1,429415,0.86,0.86,-0.00,0
1,429548,0.90,0.88,0.02,0
1,429665,0.90,0.89,0.01,0
1,429811,0.87,0.88,-0.01,0
1,429893,0.85,0.87,-0.02,0
1,429990,0.80,0.84,-0.04,0
1,430207,0.81,0.83,-0.02,0
1,430264,0.73,0.79,-0.06,0
1,430362,0.67,0.74,-0.07,0
1,430468,0.69,0.72,-0.03,0
1,430661,0.73,0.73,0.00,0
1,430707,0.72,0.72,-0.00,0
1,430889,0.70,0.71,-0.01,0
1,431021,0.70,0.71,-0.01,0
1,431129,0.71,0.71,0.00,0
1,431200,0.73,0.72,0.01,0
2,467032,6.75,6.75,0.00,0
2,467334,4.71,5.04,-0.33,0
2,468266,3.81,4.40,-0.59,0
2,468329,3.76,4.12,-0.36,0
2,468451,5.52,4.69,0.83,0
2,468568,5.41,4.97,0.44,0
2,468891,3.66,4.46,-0.80,0
2,468953,3.63,4.13,-0.50,0
2,469095,4.04,4.10,-0.06,0
2,469267,4.14,4.11,0.03,0
2,469314,3.93,4.04,-0.11,0
2,469471,4.22,4.11,0.11,0
2,469553,4.27,4.17,0.10,0
2,469745,4.29,4.22,0.07,0
2,469807,4.17,4.20,-0.03,0
2,469889,4.18,4.19,-0.01,0
2,470021,5.62,4.75,0.87,0
2,470354,3.86,4.40,-0.54,0
2,470824,3.24,3.95,-0.71,0
2,471006,2.92,3.55,-0.63,0
2,471184,2.79,3.25,-0.46,0
2,471221,2.76,3.06,-0.30,0
2,471363,2.52,2.85,-0.33,0
2,471474,2.58,2.74,-0.16,0
2,471651,2.39,2.61,-0.22,0
2,471678,2.39,2.52,-0.13,0
2,471810,2.29,2.43,-0.14,0
2,471942,2.24,2.36,-0.12,0
2,472049,2.22,2.30,-0.08,0
2,472171,2.13,2.24,-0.11,0
2,472383,2.06,2.17,-0.11,0
2,472494,2.05,2.12,-0.07,0
2,472601,1.89,2.03,-0.14,0
2,472683,1.77,1.93,-0.16,0
2,472791,1.82,1.89,-0.07,0
2,472937,1.75,1.83,-0.08,0
2,473080,1.68,1.77,-0.09,0
2,473212,1.65,1.73,-0.08,0
2,473249,1.60,1.68,-0.08,0
2,473466,1.45,1.59,-0.14,0
2,473563,1.39,1.51,-0.12,0
2,473610,1.37,1.46,-0.09,0
2,473752,1.30,1.39,-0.09,0
2,473899,1.22,1.33,-0.11,0
2,473971,1.17,1.27,-0.10,0
2,474173,1.13,1.21,-0.08,0
2,474255,1.20,1.21,-0.01,0
2,474402,1.20,1.20,-0.00,0
2,474459,1.16,1.19,-0.03,0
2,474641,1.12,1.16,-0.04,0
2,474763,0.92,1.07,-0.15,0
2,474870,1.07,1.07,0.00,0
2,474967,1.09,1.08,0.01,0
2,475109,1.00,1.05,-0.05,0
2,475206,1.03,1.04,-0.01,0
2,475313,0.81,0.95,-0.14,0
2,475470,0.97,0.96,0.01,0
2,475542,0.94,0.95,-0.01,0
2,475744,0.90,0.93,-0.03,0
2,475866,0.93,0.93,-0.00,0
2,475923,0.97,0.95,0.02,0
2,476035,0.92,0.94,-0.02,0
2,476167,0.98,0.95,0.03,0
2,476284,0.96,0.96,0.00,0
2,476431,0.94,0.95,-0.01,0
2,476512,0.96,0.95,0.01,0
2,476610,0.91,0.94,-0.03,0
2,476827,0.97,0.95,0.02,0
2,476884,0.95,0.95,0.00,0
2,476981,0.94,0.95,-0.01,0
2,477088,0.91,0.93,-0.02,0
2,477280,0.91,0.92,-0.01,0
2,477326,0.75,0.86,-0.11,0
2,477509,0.79,0.83,-0.04,0
2,477641,0.58,0.73,-0.15,0
2,477748,0.46,0.63,-0.17,0
2,477820,0.46,0.56,-0.10,0
2,477987,0.50,0.54,-0.04,0
2,478109,0.66,0.59,0.07,0
2,478156,0.66,0.61,0.05,0
2,478363,0.55,0.59,-0.04,0
2,478495,0.57,0.58,-0.01,0
2,478566,0.57,0.58,-0.01,0
2,478659,0.54,0.56,-0.02,0
2,478791,0.58,0.57,0.01,0
2,478983,0.54,0.56,-0.02,0
2,479045,0.56,0.56,0.00,0
2,479117,0.61,0.58,0.03,0
2,479309,0.52,0.56,-0.04,0
2,479441,0.49,0.53,-0.04,0
2,479503,0.56,0.54,0.02,0
2,479645,0.53,0.54,-0.01,0
2,479742,0.56,0.55,0.01,0
2,479909,0.60,0.57,0.03,0
2,480016,0.57,0.57,0.00,0
2,480113,0.58,0.57,0.01,0
3,500248,6.42,6.42,0.00,0
3,500415,6.38,6.39,-0.01,0
3,500632,6.39,6.39,0.00,0
3,500750,6.37,6.38,-0.01,0
3,500822,6.33,6.36,-0.03,0
3,500989,6.34,6.35,-0.01,0
3,501061,6.30,6.33,-0.03,0
3,501253,6.31,6.32,-0.01,0
3,501350,6.30,6.31,-0.01,0
3,501447,6.25,6.29,-0.04,0
3,501589,6.24,6.27,-0.03,0
3,501676,6.18,6.23,-0.05,0
3,501878,6.01,6.15,-0.14,0
3,503069,5.70,5.97,-0.27,0
3,504302,4.35,5.34,-0.99,0
3,504459,4.20,4.89,-0.69,0
3,504626,4.00,4.55,-0.55,0
3,504999,4.08,4.36,-0.28,0
3,505047,3.87,4.17,-0.30,0
3,505204,5.15,4.55,0.60,0
3,505286,2.91,3.91,-1.00,0
3,505477,2.63,3.41,-0.78,0
3,505539,2.63,3.11,-0.48,0
3,505621,2.65,2.93,-0.28,0
3,505753,3.41,3.12,0.29,0
3,505945,3.17,3.14,0.03,0
3,506007,3.32,3.21,0.11,0
3,506089,3.38,3.28,0.10,0
3,506296,2.88,3.12,-0.24,0
3,506393,2.43,2.85,-0.42,0
3,506560,2.19,2.59,-0.40,0
3,506596,2.05,2.38,-0.33,0
3,506739,1.70,2.12,-0.42,0
3,506920,1.74,1.97,-0.23,0
3,506957,1.81,1.91,-0.10,0
3,507099,2.14,2.00,0.14,0
3,507206,2.47,2.18,0.29,0
3,507388,2.48,2.30,0.18,0
3,507409,2.47,2.37,0.10,0
3,507542,1.94,2.20,-0.26,0
3,507674,1.50,1.93,-0.43,0
3,507781,1.32,1.69,-0.37,0
3,507903,1.15,1.48,-0.33,0
3,508120,1.10,1.33,-0.23,0
3,508227,1.05,1.22,-0.17,0
3,508334,1.02,1.14,-0.12,0
3,508421,1.04,1.10,-0.06,0
3,508528,1.01,1.07,-0.06,0
3,508670,0.94,1.02,-0.08,0
3,508817,0.97,1.00,-0.03,0
3,508949,0.98,0.99,-0.01,0
3,508980,0.96,0.98,-0.02,0
3,509198,0.97,0.98,-0.01,0
3,509295,0.95,0.97,-0.02,0
3,509342,0.91,0.94,-0.03,0
3,509488,0.90,0.93,-0.03,0
3,509631,0.93,0.93,0.00,0
3,509702,0.95,0.94,0.01,0
3,509905,0.89,0.92,-0.03,0
3,509992,0.91,0.92,-0.01,0
3,510134,0.90,0.91,-0.01,0
3,510195,0.88,0.90,-0.02,0
3,510373,0.85,0.88,-0.03,0
3,510494,0.94,0.90,0.04,0
3,510601,0.93,0.91,0.02,0
3,510698,0.90,0.91,-0.01,0
3,510840,0.90,0.91,-0.01,0
3,510937,0.91,0.91,0.00,0
3,511045,0.88,0.90,-0.02,0
3,511202,1.04,0.95,0.09,0
3,511273,0.97,0.96,0.01,0
3,511481,0.96,0.96,0.00,0
3,511598,0.97,0.96,0.01,0
3,511660,1.01,0.98,0.03,0
3,511767,0.97,0.98,-0.01,0
3,511899,0.97,0.97,-0.00,0
3,512021,0.92,0.95,-0.03,0
3,512163,0.98,0.96,0.02,0
3,512245,0.98,0.97,0.01,0
3,512342,1.03,0.99,0.04,0
4,531506,6.55,6.55,0.00,0
4,531769,6.62,6.61,0.01,0
4,531911,6.59,6.60,-0.01,0
4,532093,6.57,6.59,-0.02,0
4,532105,6.55,6.57,-0.02,0
4,532307,6.56,6.57,-0.01,0
4,532419,6.60,6.58,0.02,0
4,532491,6.62,6.60,0.02,0
4,532608,6.62,6.61,0.01,0
4,532740,6.59,6.60,-0.01,0
4,532907,6.61,6.60,0.01,0
4,532979,6.57,6.59,-0.02,0
4,533076,6.58,6.59,-0.01,0
4,533223,6.61,6.60,0.01,0
4,533390,6.57,6.59,-0.02,0
4,533427,6.58,6.58,-0.00,0
4,533604,6.61,6.59,0.02,0
4,533726,6.60,6.60,0.00,0
4,533798,6.58,6.59,-0.01,0
4,539567,3.05,5.21,-2.16,0
4,539894,2.82,4.28,-1.46,0
4,539926,2.73,3.67,-0.94,0
4,540074,2.60,3.25,-0.65,0
4,540181,2.49,2.96,-0.47,0
4,540363,2.05,2.60,-0.55,0
4,540384,2.04,2.38,-0.34,0
4,540648,1.91,2.20,-0.29,0
4,540755,1.96,2.11,-0.15,0
4,540876,1.84,2.00,-0.16,0
4,541093,1.68,1.88,-0.20,0
4,541200,1.56,1.75,-0.19,0
4,541307,1.48,1.65,-0.17,0
4,541394,1.24,1.49,-0.25,0
4,541501,1.28,1.41,-0.13,0
4,541789,1.32,1.37,-0.05,0
4,541956,1.32,1.35,-0.03,0
4,542174,1.34,1.35,-0.01,0
4,542271,1.26,1.31,-0.05,0
4,542317,1.25,1.29,-0.04,0
4,542460,1.26,1.28,-0.02,0
4,542607,1.35,1.31,0.04,0
4,542679,1.31,1.31,0.00,0
4,542881,1.26,1.29,-0.03,0
4,542963,1.31,1.30,0.01,0
4,543110,1.30,1.30,0.00,0
4,543167,1.29,1.30,-0.01,0
4,543349,1.32,1.30,0.02,0
4,543471,1.29,1.30,-0.01,0
4,543578,1.31,1.30,0.01,0
4,543675,1.30,1.30,-0.00,0
4,543817,1.18,1.25,-0.07,0
4,543914,1.34,1.29,0.05,0
4,544021,1.25,1.27,-0.02,0
4,544178,1.34,1.30,0.04,0
4,544250,1.52,1.39,0.13,0
4,544452,1.00,1.23,-0.23,0
4,544574,0.85,1.08,-0.23,0
4,544631,0.87,1.00,-0.13,0
4,544743,0.97,0.99,-0.02,0
4,544875,0.96,0.98,-0.02,0
4,544992,0.95,0.97,-0.02,0
4,545139,1.01,0.98,0.03,0
4,545221,0.94,0.97,-0.03,0
4,545318,0.93,0.95,-0.02,0
4,545535,0.93,0.94,-0.01,0
4,545592,0.93,0.94,-0.01,0
4,545689,0.94,0.94,0.00,0
4,545796,0.92,0.93,-0.01,0
4,545988,0.95,0.94,0.01,0
4,546035,0.93,0.94,-0.01,0
4,546217,0.96,0.94,0.02,0
4,546349,0.92,0.94,-0.02,0
4,546456,0.98,0.95,0.03,0
4,546528,0.98,0.96,0.02,0
4,546695,0.94,0.95,-0.01,0
4,546817,0.94,0.95,-0.01,0
4,546864,0.93,0.94,-0.01,0
4,547070,0.96,0.95,0.01,0
4,547202,0.93,0.94,-0.01,0
4,547274,0.94,0.94,-0.00,0
4,547371,0.98,0.96,0.02,0
4,547503,0.96,0.96,0.00,0
4,547695,0.96,0.96,0.00,0
5,579118,6.92,6.92,0.00,0
5,579260,6.89,6.89,-0.00,0
5,579322,6.89,6.89,-0.00,0
5,579978,6.44,6.70,-0.26,0
5,580040,6.46,6.60,-0.14,0
5,580161,6.41,6.52,-0.11,0
5,580278,6.34,6.45,-0.11,0
5,580435,6.23,6.37,-0.14,0
5,582538,6.64,6.47,0.17,0
5,582897,4.70,5.78,-1.08,0
5,582934,4.49,5.28,-0.79,0
5,583075,4.37,4.92,-0.55,0
5,583364,4.19,4.64,-0.45,0
5,583386,4.27,4.49,-0.22,0
5,583518,4.14,4.36,-0.22,0
5,583650,4.09,4.25,-0.16,0
5,583762,3.98,4.15,-0.17,0
5,583879,3.59,3.93,-0.34,0
5,584096,3.79,3.87,-0.08,0
5,584203,3.66,3.79,-0.13,0
5,584310,3.23,3.57,-0.34,0
5,584397,3.13,3.40,-0.27,0
5,584504,3.14,3.30,-0.16,0
5,584646,2.75,3.08,-0.33,0
5,584793,2.62,2.90,-0.28,0
5,584925,2.71,2.83,-0.12,0
5,584962,2.65,2.76,-0.11,0
5,585174,2.58,2.69,-0.11,0
5,585271,2.53,2.63,-0.10,0
5,585318,2.55,2.60,-0.05,0
5,585465,1.97,2.35,-0.38,0
5,585607,1.99,2.21,-0.22,0
5,585679,2.02,2.14,-0.12,0
5,585886,1.88,2.04,-0.16,0
5,585968,1.58,1.86,-0.28,0
5,586110,1.59,1.75,-0.16,0
5,586172,1.74,1.75,-0.01,0
5,586354,1.68,1.72,-0.04,0
5,586471,1.58,1.67,-0.09,0
5,586578,1.55,1.62,-0.07,0
5,586675,1.48,1.57,-0.09,0
5,586822,1.42,1.51,-0.09,0
5,586914,1.38,1.46,-0.08,0
5,587026,1.39,1.43,-0.04,0
5,587178,1.41,1.42,-0.01,0
5,587250,1.43,1.43,0.00,0
5,587457,1.35,1.40,-0.05,0
5,587574,1.44,1.41,0.03,0
5,587636,1.50,1.45,0.05,0
5,587743,1.51,1.47,0.04,0
5,587875,1.55,1.50,0.05,0
5,588137,1.55,1.52,0.03,0
5,588225,1.54,1.53,0.01,0
5,588322,1.50,1.52,-0.02,0
5,588534,1.28,1.42,-0.14,0
5,588596,1.15,1.32,-0.17,0
5,588693,1.32,1.32,0.00,0
5,588800,1.23,1.28,-0.05,0
5,588992,1.20,1.25,-0.05,0
5,589039,1.21,1.24,-0.03,0
5,589221,1.26,1.24,0.02,0
5,589353,1.28,1.26,0.02,0
5,589460,1.24,1.25,-0.01,0
5,589532,1.26,1.25,0.01,0
5,589699,1.28,1.26,0.02,0
5,589821,1.25,1.26,-0.01,0
5,589868,1.26,1.26,0.00,0
5,590070,1.27,1.26,0.01,0
5,590201,1.28,1.27,0.01,0
5,590274,1.25,1.26,-0.01,0
5,590371,1.26,1.26,-0.00,0
5,590503,1.25,1.26,-0.01,0
5,590695,1.23,1.25,-0.02,0
5,590757,1.23,1.24,-0.01,0
5,590829,1.27,1.25,0.02,0
5,591021,1.26,1.25,0.01,0
5,591153,1.25,1.25,-0.00,0
5,591210,1.23,1.24,-0.01,0
5,591357,1.23,1.24,-0.01,0
5,591454,1.26,1.25,0.01,0
5,591621,1.24,1.24,-0.00,0
5,591728,1.24,1.24,-0.00,0
5,591825,1.26,1.25,0.01,0
5,592002,1.18,1.22,-0.04,0
5,592099,1.25,1.23,0.02,0
5,592221,1.18,1.21,-0.03,0
5,592363,1.26,1.23,0.03,0
5,592450,1.24,1.23,0.01,0
5,592532,1.22,1.23,-0.01,0
5,592674,1.23,1.23,0.00,0
5,592831,1.22,1.23,-0.01,0
5,592878,1.22,1.22,-0.00,0
6,617752,6.88,6.88,0.00,0
6,617823,6.89,6.89,0.00,0
6,618015,6.89,6.89,0.00,0
6,618112,6.88,6.89,-0.01,0
6,618209,6.90,6.89,0.01,0
6,618351,6.89,6.89,-0.00,0
6,618438,6.86,6.88,-0.02,0
6,618640,6.85,6.87,-0.02,0
6,618661,6.88,6.87,0.01,0
6,618794,6.82,6.85,-0.03,0
6,620044,6.12,6.57,-0.45,0
6,620106,6.03,6.36,-0.33,0
6,621220,4.80,5.75,-0.95,0
6,621447,4.71,5.34,-0.63,0
6,622240,4.05,4.84,-0.79,0
6,622302,3.66,4.38,-0.72,0
6,622384,3.58,4.07,-0.49,0
6,622516,3.21,3.73,-0.52,0
6,622708,3.43,3.61,-0.18,0
6,622770,3.39,3.53,-0.14,0
6,622852,3.42,3.49,-0.07,0
6,623054,4.60,3.92,0.68,0
6,623322,2.85,3.50,-0.65,0
6,623353,2.75,3.21,-0.46,0
6,623501,2.48,2.92,-0.44,0
6,623678,2.10,2.60,-0.50,0
6,623715,2.17,2.43,-0.26,0
6,623862,2.66,2.52,0.14,0
6,623969,2.67,2.58,0.09,0
6,624146,3.11,2.79,0.32,0
6,624172,3.15,2.93,0.22,0
6,624305,2.60,2.80,-0.20,0
6,624437,2.27,2.59,-0.32,0
6,624544,1.80,2.28,-0.48,0
6,624666,1.49,1.97,-0.48,0
6,624878,1.19,1.67,-0.48,0
6,624990,1.09,1.44,-0.35,0
6,625097,1.21,1.35,-0.14,0
6,625179,1.26,1.32,-0.06,0
6,625286,1.23,1.28,-0.05,0
6,625433,1.21,1.25,-0.04,0
6,625575,1.23,1.24,-0.01,0
6,625707,1.18,1.22,-0.04,0
6,625744,1.17,1.20,-0.03,0
6,625961,1.16,1.18,-0.02,0
6,626058,1.15,1.17,-0.02,0
6,626105,1.18,1.17,0.01,0
6,626247,1.15,1.16,-0.01,0
6,626394,1.20,1.18,0.02,0
6,626466,1.15,1.17,-0.02,0
6,626668,1.16,1.16,-0.00,0
6,626750,1.09,1.14,-0.05,0
6,626897,1.12,1.13,-0.01,0
6,626954,1.16,1.14,0.02,0
6,627138,1.17,1.15,0.02,0
7,646744,5.81,5.81,0.00,0
7,646916,5.74,5.75,-0.01,0
7,646953,5.74,5.75,-0.01,0
7,647129,5.76,5.75,0.01,0
7,647322,5.73,5.74,-0.01,0
7,647490,5.70,5.73,-0.03,0
7,647562,5.78,5.75,0.03,0
7,647754,5.86,5.79,0.07,0
7,647851,5.79,5.79,-0.00,0
7,648174,5.68,5.75,-0.07,0
7,650504,4.80,5.38,-0.58,0
7,650561,4.51,5.04,-0.53,0
7,650683,4.25,4.73,-0.48,0
7,650800,4.03,4.46,-0.43,0
7,650957,3.59,4.12,-0.53,0
7,651129,3.33,3.81,-0.48,0
7,651186,3.14,3.55,-0.41,0
7,651328,3.22,3.42,-0.20,0
7,651500,3.02,3.26,-0.24,0
7,651547,2.89,3.12,-0.23,0
7,651704,2.75,2.97,-0.22,0
7,651786,2.59,2.82,-0.23,0
7,651978,2.30,2.62,-0.32,0
7,652040,2.30,2.49,-0.19,0
7,652122,2.25,2.40,-0.15,0
7,652254,2.11,2.29,-0.18,0
7,652446,1.91,2.14,-0.23,0
7,652508,1.85,2.03,-0.18,0
7,652590,1.80,1.94,-0.14,0
7,652797,1.69,1.84,-0.15,0
7,652889,1.65,1.77,-0.12,0
7,653056,1.55,1.68,-0.13,0
7,653092,1.52,1.62,-0.10,0
7,653240,1.38,1.53,-0.15,0
7,653417,1.30,1.44,-0.14,0
7,653453,1.38,1.42,-0.04,0
7,653596,1.28,1.36,-0.08,0
7,653708,1.20,1.30,-0.10,0
7,653885,1.21,1.26,-0.05,0
7,653911,1.19,1.24,-0.05,0
8,671081,6.32,6.32,0.00,0
8,672068,6.27,6.28,-0.01,0
8,672185,6.25,6.26,-0.01,0
8,672317,6.32,6.29,0.03,0
8,672484,6.32,6.30,0.02,0
8,672556,6.20,6.26,-0.06,0
8,672653,6.25,6.26,-0.01,0
8,673183,6.22,6.24,-0.02,0
8,673300,6.19,6.22,-0.03,0
8,673542,6.31,6.26,0.05,0
8,673615,6.27,6.26,0.01,0
8,673806,6.30,6.28,0.02,0
8,673999,6.23,6.26,-0.03,0
8,674140,6.30,6.27,0.03,0
8,674223,6.29,6.28,0.01,0
8,674430,6.34,6.30,0.04,0
8,674451,6.31,6.31,0.00,0
8,674584,6.31,6.31,0.00,0
8,677008,4.51,5.61,-1.10,0
8,677176,4.60,5.21,-0.61,0
8,677238,4.53,4.95,-0.42,0
8,677596,4.36,4.72,-0.36,0
8,677839,3.45,4.22,-0.77,0
8,678086,3.76,4.04,-0.28,0
8,678174,3.21,3.72,-0.51,0
8,678306,3.20,3.52,-0.32,0
8,678498,2.48,3.11,-0.63,0
8,678555,2.43,2.85,-0.42,0
8,678642,2.33,2.64,-0.31,0
8,678844,2.12,2.44,-0.32,0
8,678941,2.05,2.29,-0.24,0
8,679108,2.10,2.21,-0.11,0
8,679144,2.00,2.13,-0.13,0
8,679287,1.91,2.04,-0.13,0
8,679469,1.71,1.91,-0.20,0
8,679506,1.69,1.83,-0.14,0
8,679648,1.49,1.70,-0.21,0
8,679755,1.41,1.58,-0.17,0
8,679937,1.42,1.52,-0.10,0
8,679959,1.42,1.48,-0.06,0
8,680091,1.32,1.42,-0.10,0
8,680223,1.07,1.28,-0.21,0
8,680335,1.15,1.23,-0.08,0
8,680452,1.09,1.18,-0.09,0
9,730218,5.86,5.86,0.00,0
9,730365,5.85,5.85,-0.00,0
9,730760,5.73,5.79,-0.06,0
9,730937,5.77,5.78,-0.01,0
9,731060,5.78,5.78,-0.00,0
9,731192,5.79,5.78,0.01,0
9,731359,5.75,5.77,-0.02,0
9,731431,5.81,5.79,0.02,0
9,731528,5.81,5.80,0.01,0
9,732415,5.74,5.77,-0.03,0
9,733461,5.12,5.52,-0.40,0
9,733638,4.64,5.18,-0.54,0
9,733700,4.72,5.00,-0.28,0
9,734360,4.22,4.69,-0.47,0
9,734493,3.89,4.38,-0.49,0
9,734565,3.65,4.10,-0.45,0
9,734707,3.43,3.84,-0.41,0
9,734769,3.50,3.70,-0.20,0
9,734971,3.07,3.46,-0.39,0
9,735103,3.37,3.42,-0.05,0
9,735165,3.31,3.38,-0.07,0
9,735237,4.25,3.72,0.53,0
9,735727,3.01,3.44,-0.43,0
9,735884,2.37,3.02,-0.65,0
9,736051,2.03,2.64,-0.61,0
9,736112,1.98,2.38,-0.40,0
9,736254,1.91,2.20,-0.29,0
9,736421,2.17,2.19,-0.02,0
9,736473,2.52,2.32,0.20,0
9,736625,2.44,2.36,0.08,0
9,736712,3.21,2.69,0.52,0
9,736904,2.64,2.67,-0.03,0
9,736961,2.44,2.58,-0.14,0
9,737048,1.88,2.31,-0.43,0
9,737180,1.72,2.08,-0.36,0
9,737372,1.42,1.82,-0.40,0
9,737429,1.41,1.66,-0.25,0
9,737516,1.30,1.52,-0.22,0
9,737718,1.47,1.50,-0.03,0
9,737815,1.62,1.55,0.07,0
9,737982,1.31,1.45,-0.14,0
9,738019,0.96,1.26,-0.30,0
9,738161,0.81,1.09,-0.28,0
9,738342,0.75,0.95,-0.20,0
9,738379,0.70,0.86,-0.16,0
9,738521,0.65,0.78,-0.13,0
9,738633,0.70,0.75,-0.05,0
9,738810,0.67,0.72,-0.05,0
9,738836,0.69,0.71,-0.02,0
9,738969,0.78,0.73,0.05,0
9,739101,0.81,0.76,0.05,0
9,739208,0.82,0.79,0.03,0
9,739325,0.87,0.82,0.05,0
9,739542,0.87,0.84,0.03,0
9,739649,0.81,0.83,-0.02,0
9,739761,0.85,0.84,0.01,0
9,739843,0.85,0.84,0.01,0
9,739950,0.88,0.86,0.02,0
9,740096,0.89,0.87,0.02,0
9,740238,0.83,0.85,-0.02,0
9,740371,0.83,0.84,-0.01,0
9,740407,0.86,0.85,0.01,0
9,740625,0.88,0.86,0.02,0
9,740717,0.92,0.88,0.04,0
9,740769,0.88,0.88,-0.00,0
10,768704,7.29,7.29,0.00,0
10,768741,7.21,7.22,-0.01,0
10,769568,6.54,6.87,-0.33,0
10,769685,6.45,6.69,-0.24,0
10,769902,6.36,6.55,-0.19,0
10,770009,6.27,6.44,-0.17,0
10,770121,6.20,6.35,-0.15,0
10,770203,6.17,6.28,-0.11,0
10,770310,6.20,6.25,-0.05,0
10,770457,6.06,6.17,-0.11,0
10,770599,5.95,6.09,-0.14,0
10,770731,5.78,5.97,-0.19,0
10,770767,5.73,5.87,-0.14,0
10,771777,5.84,5.86,-0.02,0
10,771979,4.79,5.44,-0.65,0
10,772157,4.84,5.21,-0.37,0
10,772279,4.92,5.10,-0.18,0
10,772386,4.94,5.03,-0.09,0
10,772483,4.80,4.94,-0.14,0
10,772625,4.60,4.81,-0.21,0
10,772722,4.36,4.63,-0.27,0
10,772829,4.34,4.52,-0.18,0
10,773680,4.04,4.33,-0.29,0
10,773803,3.53,4.02,-0.49,0
10,773945,3.19,3.70,-0.51,0
10,774032,3.21,3.51,-0.30,0
10,774129,3.35,3.45,-0.10,0
10,774341,3.74,3.56,0.18,0
10,774846,2.99,3.34,-0.35,0
10,775029,2.64,3.07,-0.43,0
10,775161,2.52,2.85,-0.33,0
10,775268,2.39,2.67,-0.28,0
10,775340,2.47,2.59,-0.12,0
10,775507,2.71,2.64,0.07,0
10,775674,3.35,2.92,0.43,0
10,775877,2.90,2.91,-0.01,0
10,776008,2.60,2.79,-0.19,0
10,776085,2.53,2.69,-0.16,0
10,776177,2.47,2.60,-0.13,0
10,776308,2.07,2.39,-0.32,0
10,776501,2.13,2.29,-0.16,0
10,776563,2.35,2.31,0.04,0
10,776635,2.38,2.34,0.04,0
10,776827,2.39,2.36,0.03,0
10,776959,2.13,2.27,-0.14,0
10,777021,1.82,2.09,-0.27,0
10,777163,1.62,1.91,-0.29,0
10,777260,1.62,1.80,-0.18,0
10,777427,1.03,1.50,-0.47,0
10,777534,1.14,1.36,-0.22,0
10,777631,1.13,1.27,-0.14,0
10,777813,1.07,1.19,-0.12,0
10,777905,0.88,1.07,-0.19,0
10,778027,0.93,1.02,-0.09,0
10,778169,0.95,0.99,-0.04,0
10,778256,0.93,0.97,-0.04,0
10,778338,0.95,0.96,-0.01,0
10,778485,0.95,0.96,-0.01,0
10,778637,0.97,0.96,0.01,0
10,778689,0.91,0.94,-0.03,0
10,778821,0.94,0.94,-0.00,0
10,778928,0.94,0.94,-0.00,0
10,779045,1.01,0.97,0.04,0
10,779237,0.96,0.96,-0.00,0
10,779369,1.00,0.98,0.02,0
10,779395,0.97,0.98,-0.01,0
11,801506,6.09,6.09,0.00,0
11,801950,5.85,5.89,-0.04,0
11,802047,5.90,5.89,0.01,0
11,802164,5.80,5.85,-0.05,0
11,802236,5.78,5.82,-0.04,0
11,802403,5.71,5.78,-0.07,0
11,802535,5.61,5.71,-0.10,0
11,802607,5.58,5.66,-0.08,0
11,802754,5.55,5.62,-0.07,0
11,802811,5.48,5.56,-0.08,0
11,804095,4.55,5.17,-0.62,0
11,804157,4.44,4.88,-0.44,0
11,804299,4.45,4.71,-0.26,0
11,804471,4.33,4.56,-0.23,0
11,804518,4.30,4.46,-0.16,0
11,804675,3.99,4.28,-0.29,0
11,804757,3.86,4.11,-0.25,0
11,804949,4.18,4.14,0.04,0
11,805222,3.98,4.08,-0.10,0
11,805416,3.61,3.90,-0.29,0
11,805478,3.59,3.78,-0.19,0
11,805560,3.26,3.57,-0.31,0
11,805767,3.00,3.35,-0.35,0
11,805859,3.36,3.35,0.01,0
11,806031,3.23,3.31,-0.08,0
11,806063,3.24,3.28,-0.04,0
11,806210,3.16,3.23,-0.07,0
11,806387,2.70,3.03,-0.33,0
11,806424,2.69,2.89,-0.20,0
11,806571,2.57,2.77,-0.20,0
11,806678,2.54,2.68,-0.14,0
11,806855,2.48,2.60,-0.12,0
11,806881,2.52,2.57,-0.05,0
11,807014,2.44,2.52,-0.08,0
11,807146,2.34,2.45,-0.11,0
11,807253,2.28,2.38,-0.10,0
11,807375,2.15,2.29,-0.14,0
11,807587,2.02,2.19,-0.17,0
12,829044,5.97,5.97,0.00,0
12,829498,5.78,5.81,-0.03,0
12,829631,5.73,5.77,-0.04,0
12,829813,5.69,5.73,-0.04,0
12,829870,5.58,5.67,-0.09,0
12,832055,4.65,5.27,-0.62,0
12,832222,4.52,4.97,-0.45,0
12,832284,4.43,4.76,-0.33,0
12,832426,4.12,4.51,-0.39,0
12,832593,3.83,4.24,-0.41,0
12,832882,3.14,3.81,-0.67,0
12,833074,3.02,3.50,-0.48,0
12,833135,2.83,3.24,-0.41,0
12,833217,2.83,3.08,-0.25,0
12,833349,2.70,2.93,-0.23,0
12,833541,2.59,2.80,-0.21,0
12,833603,2.52,2.69,-0.17,0
12,833685,2.53,2.63,-0.10,0
12,833892,2.46,2.56,-0.10,0
12,833989,2.43,2.51,-0.08,0
12,834156,2.34,2.44,-0.10,0
12,834193,2.29,2.38,-0.09,0
12,834335,2.24,2.33,-0.09,0
12,834517,2.20,2.28,-0.08,0
12,834548,2.12,2.22,-0.10,0
12,834696,2.12,2.18,-0.06,0
12,834803,2.08,2.14,-0.06,0
12,834985,2.01,2.09,-0.08,0
12,835006,2.03,2.07,-0.04,0
12,835139,1.97,2.03,-0.06,0
12,835271,1.99,2.01,-0.02,0
12,835378,1.95,1.99,-0.04,0
12,835500,1.90,1.95,-0.05,0
12,835717,1.88,1.93,-0.05,0
12,835824,1.91,1.92,-0.01,0
12,835931,1.80,1.87,-0.07,0
12,836013,1.78,1.84,-0.06,0
13,229033,8.93,8.93,0.00,0
13,229225,9.06,9.04,0.02,0
13,229297,9.01,9.02,-0.01,0
13,229444,9.01,9.02,-0.01,0
13,229621,9.01,9.01,-0.00,0
13,229633,8.93,8.98,-0.05,0
13,229840,9.03,9.00,0.03,0
13,229947,9.03,9.01,0.02,0
13,230019,9.04,9.02,0.02,0
13,230136,8.95,8.99,-0.04,0
13,230268,8.99,8.99,-0.00,0
13,230440,8.96,8.98,-0.02,0
13,230512,8.96,8.97,-0.01,0
13,230604,8.91,8.95,-0.04,0
13,230751,8.93,8.94,-0.01,0
13,230918,8.88,8.92,-0.04,0
13,230955,8.91,8.91,-0.00,0
13,231132,9.03,8.96,0.07,0
13,231254,9.04,8.99,0.05,0
13,231326,9.06,9.02,0.04,0
13,231493,9.07,9.04,0.03,0
13,231565,9.06,9.05,0.01,0
13,231757,9.21,9.11,0.10,0
13,231854,9.20,9.15,0.05,0
13,231951,9.11,9.13,-0.02,0
13,232093,9.08,9.11,-0.03,0
13,232180,9.11,9.11,-0.00,0
13,232539,9.28,9.18,0.10,0
13,232982,8.63,8.96,-0.33,0
13,233195,7.99,8.58,-0.59,0
13,233268,7.87,8.30,-0.43,0
13,233440,7.56,8.01,-0.45,0
13,233572,7.37,7.76,-0.39,0
13,233644,7.44,7.64,-0.20,0
13,233786,7.42,7.55,-0.13,0
13,233848,7.66,7.59,0.07,0
13,234181,7.36,7.50,-0.14,0
13,234243,7.40,7.46,-0.06,0
13,234315,7.16,7.34,-0.18,0
13,234507,6.56,7.04,-0.48,0
13,234564,6.49,6.82,-0.33,0
13,234686,6.33,6.63,-0.30,0
13,234808,6.15,6.44,-0.29,0
13,234960,6.06,6.29,-0.23,0
13,235132,6.11,6.22,-0.11,0
13,235189,5.88,6.09,-0.21,0
13,235336,5.85,6.00,-0.15,0
13,235503,6.28,6.11,0.17,0
13,235550,6.26,6.17,0.09,0
13,235707,6.23,6.19,0.04,0
13,235789,6.16,6.18,-0.02,0
13,235981,4.95,5.70,-0.75,0
13,236043,5.10,5.47,-0.37,0
13,236125,4.93,5.26,-0.33,0
13,236257,4.55,4.98,-0.43,0
13,236449,4.57,4.82,-0.25,0
13,236511,4.53,4.71,-0.18,0
13,236593,4.81,4.75,0.06,0
13,236800,4.60,4.69,-0.09,0
13,236892,4.67,4.68,-0.01,0
13,237064,4.25,4.51,-0.26,0
13,237096,4.30,4.43,-0.13,0
13,237243,3.68,4.14,-0.46,0
13,237420,3.34,3.83,-0.49,0
13,237457,3.27,3.61,-0.34,0
13,237604,3.12,3.42,-0.30,0
13,237711,2.97,3.24,-0.27,0
13,237888,3.30,3.27,0.03,0
13,237915,3.20,3.24,-0.04,0
13,238047,3.26,3.25,0.01,0
13,238179,3.29,3.26,0.03,0
13,238286,3.11,3.20,-0.09,0
13,238408,2.55,2.95,-0.40,0
13,238620,1.98,2.57,-0.59,0
13,238732,2.00,2.35,-0.35,0
13,238839,1.77,2.12,-0.35,0
13,238921,1.82,2.00,-0.18,0
13,239028,1.87,1.95,-0.08,0
13,239175,2.46,2.15,0.31,0
13,239317,1.60,1.94,-0.34,0
13,239449,1.37,1.71,-0.34,0
13,239486,1.38,1.58,-0.20,0
13,239703,1.32,1.48,-0.16,0
13,239800,1.35,1.43,-0.08,0
13,239847,1.32,1.39,-0.07,0
13,239989,1.31,1.36,-0.05,0
13,240136,1.28,1.33,-0.05,0
13,240208,1.31,1.32,-0.01,0
13,240410,1.26,1.30,-0.04,0
13,240492,1.23,1.27,-0.04,0
13,240639,1.18,1.24,-0.06,0
13,240696,1.15,1.20,-0.05,0
13,240878,1.11,1.17,-0.06,0
13,241000,1.09,1.14,-0.05,0
13,241107,1.09,1.12,-0.03,0
13,241204,1.11,1.12,-0.01,0
13,241346,1.12,1.12,0.00,0
13,241443,1.11,1.11,-0.00,0
13,241550,1.13,1.12,0.01,0
13,241707,1.09,1.11,-0.02,0
13,241779,1.09,1.10,-0.01,0
14,264058,11.14,11.14,0.00,0
14,264250,11.09,11.10,-0.01,0
14,264322,11.12,11.11,0.01,0
14,264464,11.11,11.11,0.00,0
14,264646,11.11,11.11,0.00,0
14,264658,11.13,11.12,0.01,0
14,264860,11.11,11.11,-0.00,0
14,264967,11.14,11.12,0.02,0
14,265039,11.11,11.12,-0.01,0
14,265161,11.09,11.11,-0.02,0
14,265293,11.14,11.12,0.02,0
14,265460,11.05,11.09,-0.04,0
14,265532,11.13,11.11,0.02,0
14,265629,11.13,11.12,0.01,0
14,265771,11.10,11.11,-0.01,0
14,265938,11.09,11.10,-0.01,0
14,265975,11.10,11.10,-0.00,0
14,266157,11.12,11.11,0.01,0
14,266274,11.08,11.10,-0.02,0
14,266346,11.09,11.09,-0.00,0
14,266518,11.10,11.10,0.00,0
14,266590,11.15,11.12,0.03,0
14,266782,11.18,11.14,0.04,0
14,266874,11.19,11.16,0.03,0
14,266971,11.37,11.24,0.13,0
14,267118,10.90,11.11,-0.21,0
14,267200,11.08,11.10,-0.02,0
14,267402,10.95,11.04,-0.09,0
14,267429,10.99,11.02,-0.03,0
14,267561,10.95,10.99,-0.04,0
14,267738,11.08,11.03,0.05,0
14,267800,11.11,11.06,0.05,0
14,268869,11.34,11.17,0.17,0
14,269071,10.88,11.06,-0.18,0
14,270212,9.49,10.44,-0.95,0
14,271063,8.04,9.51,-1.47,0
14,271281,7.89,8.88,-0.99,0
14,271474,7.80,8.46,-0.66,0
14,271531,7.52,8.09,-0.57,0
14,271618,7.35,7.80,-0.45,0
14,272117,6.77,7.40,-0.63,0
14,272265,6.48,7.04,-0.56,0
14,272442,6.29,6.75,-0.46,0
14,272479,6.21,6.54,-0.33,0
14,272626,5.89,6.28,-0.39,0
14,272733,5.93,6.15,-0.22,0
14,272910,5.69,5.97,-0.28,0
14,272937,5.64,5.84,-0.20,0
14,273069,5.40,5.67,-0.27,0
14,273201,5.37,5.55,-0.18,0
14,273308,5.25,5.43,-0.18,0
14,273430,5.03,5.28,-0.25,0
14,273642,4.79,5.09,-0.30,0
14,273754,4.63,4.91,-0.28,0
14,273861,4.54,4.76,-0.22,0
14,273943,4.44,4.64,-0.20,0
14,274050,4.19,4.46,-0.27,0
14,274197,4.14,4.34,-0.20,0
14,274339,4.02,4.21,-0.19,0
14,274471,3.89,4.09,-0.20,0
14,274508,3.82,3.98,-0.16,0
14,274725,3.43,3.77,-0.34,0
14,274822,3.26,3.57,-0.31,0
14,275009,2.97,3.34,-0.37,0
14,275157,2.79,3.12,-0.33,0
14,275229,2.74,2.97,-0.23,0
14,275431,2.68,2.86,-0.18,0
14,275518,2.60,2.76,-0.16,0
14,275660,2.14,2.52,-0.38,0
14,275722,2.24,2.41,-0.17,0
14,275899,1.92,2.22,-0.30,0
14,276021,1.93,2.11,-0.18,0
14,276128,1.82,1.99,-0.17,0
14,276225,1.61,1.84,-0.23,0
14,276367,1.58,1.74,-0.16,0
14,276464,1.80,1.76,0.04,0
14,276571,1.17,1.53,-0.36,0
14,276728,1.25,1.42,-0.17,0
14,276800,1.18,1.33,-0.15,0
14,277002,1.01,1.20,-0.19,0
14,277124,1.02,1.13,-0.11,0
14,277186,1.09,1.12,-0.03,0
14,277293,1.10,1.11,-0.01,0
14,277425,0.90,1.03,-0.13,0
14,277542,0.95,1.00,-0.05,0
14,277689,1.06,1.02,0.04,0
14,277771,0.86,0.96,-0.10,0
14,277868,1.01,0.98,0.03,0
14,278085,0.99,0.98,0.01,0
14,278142,0.90,0.95,-0.05,0
14,278239,1.00,0.97,0.03,0
14,278346,0.98,0.97,0.01,0
14,278538,0.81,0.91,-0.10,0
14,278590,0.96,0.93,0.03,0
14,278767,0.71,0.84,-0.13,0
14,278899,0.97,0.89,0.08,0
14,279006,0.95,0.92,0.03,0
14,279077,0.93,0.92,0.01,0
14,279250,0.98,0.94,0.04,0
14,279367,0.96,0.95,0.01,0
14,279413,0.93,0.94,-0.01,0
14,279621,1.10,1.00,0.10,0
14,279753,0.85,0.94,-0.09,0
14,279825,0.76,0.87,-0.11,0
14,279922,0.82,0.85,-0.03,0
14,280054,0.80,0.83,-0.03,0
14,280246,0.78,0.81,-0.03,0
14,280303,0.81,0.81,-0.00,0
14,280375,0.85,0.83,0.02,0
14,280567,0.86,0.84,0.02,0
14,280699,0.91,0.87,0.04,0
14,280761,0.88,0.87,0.01,0
14,280903,0.85,0.86,-0.01,0
14,281000,0.86,0.86,-0.00,0
14,281167,0.82,0.85,-0.03,0
14,281274,0.86,0.85,0.01,0
14,281371,0.85,0.85,-0.00,0
14,281553,0.85,0.85,-0.00,0
14,281650,0.84,0.85,-0.01,0
14,281767,0.88,0.86,0.02,0
14,281914,0.85,0.86,-0.01,0
14,281995,0.86,0.86,0.00,0
14,282078,0.85,0.85,-0.00,0
14,282225,0.87,0.86,0.01,0
14,282382,0.85,0.86,-0.01,0
14,282429,0.85,0.85,-0.00,0
15,301302,10.01,10.01,0.00,0
15,301494,9.85,9.88,-0.03,0
15,301566,10.13,10.01,0.12,0
15,301713,10.08,10.04,0.04,0
15,301890,9.96,10.01,-0.05,0
15,301902,9.91,9.97,-0.06,0
15,302109,10.00,9.98,0.02,0
15,302216,9.83,9.92,-0.09,0
15,302408,9.91,9.92,-0.01,0
15,302541,9.93,9.92,0.01,0
15,302708,9.89,9.91,-0.02,0
15,302780,9.86,9.89,-0.03,0
15,302877,9.94,9.91,0.03,0
15,303019,9.96,9.93,0.03,0
15,303186,10.02,9.96,0.06,0
15,303223,9.99,9.97,0.02,0
15,303405,9.79,9.90,-0.11,0
15,303522,9.80,9.86,-0.06,0
15,303594,9.96,9.90,0.06,0
15,303766,9.92,9.91,0.01,0
15,303838,9.95,9.92,0.03,0
15,304363,10.29,10.07,0.22,0
15,304450,10.31,10.16,0.15,0
15,304652,10.28,10.21,0.07,0
15,304674,10.23,10.22,0.01,0
15,304806,9.83,10.07,-0.24,0
15,305048,9.13,9.70,-0.57,0
15,305251,9.17,9.49,-0.32,0
15,305348,8.81,9.23,-0.42,0
15,305470,9.05,9.16,-0.11,0
15,305542,9.28,9.21,0.07,0
15,305709,9.32,9.25,0.07,0
15,305841,9.23,9.24,-0.01,0
15,305913,9.15,9.21,-0.06,0
15,306055,8.75,9.03,-0.28,0
15,306117,8.50,8.82,-0.32,0
15,306319,7.80,8.42,-0.62,0
15,306451,7.46,8.05,-0.59,0
15,306513,7.40,7.79,-0.39,0
15,306585,7.38,7.63,-0.25,0
15,306777,7.52,7.59,-0.07,0
15,306834,7.65,7.61,0.04,0
15,306956,7.71,7.65,0.06,0
15,307078,7.61,7.63,-0.02,0
15,307230,7.30,7.50,-0.20,0
15,307402,6.59,7.15,-0.56,0
15,307459,6.60,6.93,-0.33,0
15,307606,6.12,6.62,-0.50,0
15,307773,5.86,6.32,-0.46,0
15,307820,5.84,6.13,-0.29,0
15,307977,6.17,6.15,0.02,0
15,308059,6.05,6.11,-0.06,0
15,308251,6.07,6.09,-0.02,0
15,308313,6.19,6.13,0.06,0
15,308395,5.99,6.08,-0.09,0
15,308527,5.63,5.90,-0.27,0
15,308719,5.05,5.57,-0.52,0
15,308781,4.93,5.32,-0.39,0
15,308863,4.85,5.14,-0.29,0
15,309070,4.80,5.01,-0.21,0
15,309162,4.88,4.96,-0.08,0
15,309334,5.02,4.98,0.04,0
15,309366,4.98,4.98,-0.00,0
15,309513,4.75,4.89,-0.14,0
15,309690,4.34,4.68,-0.34,0
15,309727,4.17,4.48,-0.31,0
15,309874,3.88,4.24,-0.36,0
15,309981,3.64,4.01,-0.37,0
15,310158,3.50,3.81,-0.31,0
15,310185,3.50,3.69,-0.19,0
15,310317,3.28,3.53,-0.25,0
15,310449,3.40,3.48,-0.08,0
15,310556,3.48,3.48,0.00,0
15,310678,3.45,3.47,-0.02,0
15,310890,2.88,3.24,-0.36,0
15,311002,2.68,3.02,-0.34,0
15,311109,2.43,2.79,-0.36,0
15,311191,2.16,2.54,-0.38,0
15,311298,1.99,2.33,-0.34,0
15,311445,1.87,2.15,-0.28,0
15,311587,2.40,2.25,0.15,0
15,311719,2.06,2.17,-0.11,0
15,311756,2.13,2.16,-0.03,0
15,311973,2.51,2.29,0.22,0
15,312070,1.89,2.14,-0.25,0
15,312117,1.66,1.95,-0.29,0
15,312259,1.28,1.69,-0.41,0
15,312406,1.09,1.46,-0.37,0
15,312478,1.15,1.34,-0.19,0
15,312680,1.06,1.23,-0.17,0
15,312762,0.99,1.14,-0.15,0
15,312909,0.94,1.06,-0.12,0
15,312966,0.96,1.02,-0.06,0
15,313148,1.01,1.02,-0.01,0
15,313270,1.01,1.01,-0.00,0
15,313377,1.00,1.01,-0.01,0
15,313474,0.97,0.99,-0.02,0
15,313616,0.91,0.96,-0.05,0
15,313713,0.93,0.95,-0.02,0
15,313820,0.95,0.95,0.00,0
15,313977,0.95,0.95,0.00,0
15,314049,0.97,0.96,0.01,0
15,314251,0.91,0.94,-0.03,0
15,314373,0.94,0.94,0.00,0
15,314430,0.89,0.92,-0.03,0
15,314542,0.96,0.94,0.02,0
15,314674,0.94,0.94,0.00,0
15,314791,0.88,0.91,-0.03,0
15,314938,0.91,0.91,-0.00,0
15,315020,0.93,0.92,0.01,0
15,315117,0.93,0.92,0.01,0
15,315334,0.95,0.93,0.02,0
15,315391,0.94,0.94,0.00,0
15,315488,0.93,0.93,-0.00,0
15,315595,0.94,0.94,0.00,0
15,315787,0.90,0.92,-0.02,0
15,315834,0.88,0.91,-0.03,0
16,83277,9.87,9.87,0.00,0
16,83469,9.88,9.88,0.00,0
16,83541,9.55,9.71,-0.16,0
16,83688,9.78,9.74,0.04,0
16,83865,9.49,9.64,-0.15,0
16,83877,9.48,9.58,-0.10,0
16,84084,9.38,9.50,-0.12,0
16,84191,9.35,9.44,-0.09,0
16,84263,9.34,9.40,-0.06,0
16,84385,9.22,9.33,-0.11,0
16,84517,9.13,9.25,-0.12,0
16,84684,8.99,9.15,-0.16,0
16,84756,8.96,9.08,-0.12,0
16,84853,8.88,9.00,-0.12,0
16,84995,8.75,8.90,-0.15,0
16,85162,8.66,8.81,-0.15,0
16,85199,8.67,8.75,-0.08,0
16,85381,8.57,8.68,-0.11,0
16,85498,8.42,8.58,-0.16,0
16,85570,8.45,8.53,-0.08,0
16,85737,8.12,8.37,-0.25,0
16,85809,8.07,8.25,-0.18,0
16,86001,8.00,8.15,-0.15,0
16,86098,8.02,8.10,-0.08,0
16,86195,16.09,11.22,4.87,0
16,86337,15.79,13.00,2.79,0
16,86424,15.60,14.02,1.58,0
16,86626,15.45,14.58,0.87,0
16,86653,15.64,14.99,0.65,0
16,86785,15.50,15.19,0.31,0
16,86962,15.26,15.22,0.04,0
16,87024,15.28,15.24,0.04,0
16,87226,14.86,15.09,-0.23,0
16,87323,6.68,11.81,-5.13,0
16,87445,6.68,9.81,-3.13,0
16,87517,6.58,8.55,-1.97,0
16,87684,6.40,7.71,-1.31,0
16,87816,6.27,7.15,-0.88,0
16,87888,6.20,6.78,-0.58,0
16,88030,6.02,6.48,-0.46,0
16,88092,5.95,6.27,-0.32,0
16,88294,5.83,6.10,-0.27,0
16,88426,5.63,5.92,-0.29,0
16,88488,5.61,5.80,-0.19,0
16,88560,5.53,5.69,-0.16,0
16,88752,5.26,5.52,-0.26,0
16,88809,5.32,5.44,-0.12,0
16,88931,5.17,5.34,-0.17,0
16,89053,5.04,5.22,-0.18,0
16,89205,4.90,5.10,-0.20,0
16,89377,4.82,4.99,-0.17,0
16,89434,4.76,4.90,-0.14,0
16,89581,4.64,4.80,-0.16,0
16,89748,4.52,4.69,-0.17,0
16,89795,4.47,4.60,-0.13,0
16,89952,4.29,4.48,-0.19,0
16,90034,4.24,4.39,-0.15,0
16,90226,4.11,4.28,-0.17,0
16,90288,4.00,4.17,-0.17,0
16,90370,3.91,4.07,-0.16,0
16,90502,3.73,3.94,-0.21,0
16,90694,3.60,3.81,-0.21,0
16,90756,3.68,3.76,-0.08,0
16,90838,3.40,3.62,-0.22,0
16,91045,3.22,3.46,-0.24,0
16,91137,3.31,3.40,-0.09,0
16,91309,3.11,3.29,-0.18,0
16,91341,3.07,3.20,-0.13,0
16,91488,2.94,3.10,-0.16,0
16,91665,2.87,3.01,-0.14,0
16,91702,2.84,2.94,-0.10,0
16,91849,2.74,2.86,-0.12,0
16,91956,2.62,2.77,-0.15,0
16,92133,2.60,2.70,-0.10,0
16,92160,10.62,5.79,4.83,0
16,92292,10.40,7.59,2.81,0
16,92424,10.60,8.77,1.83,0
16,92531,10.35,9.38,0.97,0
16,92653,10.20,9.70,0.50,0
16,92865,10.09,9.85,0.24,0
16,92977,9.73,9.81,-0.08,0
16,93084,9.80,9.80,-0.00,0
16,93166,9.57,9.71,-0.14,0
16,93273,1.58,6.54,-4.96,0
16,93420,1.46,4.56,-3.10,0
16,93562,1.38,3.32,-1.94,0
16,93694,1.32,2.54,-1.22,0
16,93731,1.28,2.05,-0.77,0
16,93948,1.11,1.68,-0.57,0
16,94045,0.99,1.41,-0.42,0
16,94092,0.93,1.22,-0.29,0
16,94234,0.90,1.10,-0.20,0
16,94381,0.94,1.04,-0.10,0
16,94453,0.94,1.00,-0.06,0
16,94655,0.85,0.94,-0.09,0
16,94737,0.87,0.91,-0.04,0
16,94884,0.84,0.88,-0.04,0
16,94941,0.89,0.89,0.00,0
16,95123,0.85,0.87,-0.02,0
16,95245,0.79,0.84,-0.05,0
16,95352,0.74,0.80,-0.06,0
16,95449,0.77,0.79,-0.02,0
16,95591,0.74,0.77,-0.03,0
16,95688,0.63,0.72,-0.09,0
16,95795,0.70,0.71,-0.01,0
16,95952,0.72,0.71,0.01,0
16,96024,0.75,0.73,0.02,0
17,114746,7.14,7.14,0.00,0
17,114938,7.20,7.19,0.01,0
17,115010,7.27,7.23,0.04,0
17,115152,7.20,7.22,-0.02,0
17,115345,7.25,7.23,0.02,0
17,115547,7.46,7.32,0.14,0
17,115846,7.20,7.27,-0.07,0
17,115978,7.21,7.25,-0.04,0
17,116150,7.07,7.18,-0.11,0
17,116222,7.30,7.23,0.07,0
17,116314,7.21,7.22,-0.01,0
17,116627,6.65,7.00,-0.35,0
17,116664,6.94,6.98,-0.04,0
17,116962,6.58,6.82,-0.24,0
17,117034,6.59,6.73,-0.14,0
17,117206,6.17,6.51,-0.34,0
17,117278,6.16,6.37,-0.21,0
17,117566,14.13,9.40,4.73,0
17,117658,14.20,11.28,2.92,0
17,117805,14.00,12.34,1.66,0
17,118093,13.42,12.76,0.66,0
17,118115,13.54,13.07,0.47,0
17,118247,13.38,13.19,0.19,0
17,118490,13.10,13.15,-0.05,0
17,118692,13.45,13.27,0.18,0
17,118789,13.16,13.23,-0.07,0
17,118906,4.97,10.00,-5.03,0
17,118978,4.80,7.97,-3.17,0
17,119150,4.79,6.73,-1.94,0
17,119282,4.30,5.78,-1.48,0
17,119354,4.26,5.19,-0.93,0
17,119496,3.96,4.71,-0.75,0
17,119558,3.92,4.40,-0.48,0
17,119760,3.82,4.17,-0.35,0
17,119892,3.70,3.99,-0.29,0
17,119954,3.37,3.75,-0.38,0
17,120026,3.56,3.67,-0.11,0
17,120218,3.23,3.50,-0.27,0
17,120275,3.17,3.37,-0.20,0
17,120397,3.20,3.30,-0.10,0
17,120514,3.09,3.22,-0.13,0
17,120671,2.89,3.09,-0.20,0
17,120838,2.35,2.80,-0.45,0
17,120900,2.43,2.66,-0.23,0
17,121042,2.20,2.48,-0.28,0
17,121214,2.40,2.45,-0.05,0
17,121261,2.08,2.30,-0.22,0
17,121418,1.74,2.08,-0.34,0
17,121500,1.69,1.93,-0.24,0
17,121692,1.64,1.82,-0.18,0
17,121754,1.50,1.69,-0.19,0
17,121836,1.45,1.60,-0.15,0
17,121968,1.38,1.51,-0.13,0
17,122160,1.16,1.38,-0.22,0
17,122222,1.19,1.30,-0.11,0
17,122304,1.08,1.22,-0.14,0
17,122506,1.00,1.13,-0.13,0
17,122603,0.90,1.04,-0.14,0
17,122770,0.85,0.97,-0.12,0
17,122807,0.86,0.92,-0.06,0
17,122954,0.83,0.89,-0.06,0
17,123131,0.68,0.81,-0.13,0
17,123168,0.68,0.76,-0.08,0
17,123310,0.58,0.69,-0.11,0
17,123422,0.60,0.65,-0.05,0
17,123599,0.61,0.64,-0.03,0
17,123626,0.62,0.63,-0.01,0
17,123758,8.51,3.71,4.80,0
17,123890,8.58,5.61,2.97,0
17,123997,8.31,6.66,1.65,0
17,124114,8.27,7.29,0.98,0
17,124331,8.32,7.69,0.63,0
17,124438,8.34,7.95,0.39,0
17,124550,8.57,8.19,0.38,0
17,124632,8.35,8.25,0.10,0
17,124739,8.33,8.28,0.05,0
17,124886,0.54,5.26,-4.72,0
17,125028,0.54,3.42,-2.88,0
17,125160,0.56,2.30,-1.74,0
17,125197,0.51,1.60,-1.09,0
17,125414,0.53,1.18,-0.65,0
17,125506,0.55,0.94,-0.39,0
17,125558,0.54,0.78,-0.24,0
17,125700,0.56,0.70,-0.14,0
17,125842,0.55,0.64,-0.09,0
17,125914,0.54,0.60,-0.06,0
18,141972,8.68,8.68,0.00,0
18,142164,8.78,8.76,0.02,0
18,142236,8.81,8.79,0.02,0
18,142378,8.89,8.83,0.06,0
18,142555,8.95,8.88,0.07,0
18,142572,8.96,8.91,0.05,0
18,142774,8.99,8.94,0.05,0
18,142881,8.94,8.94,-0.00,0
18,142953,8.93,8.94,-0.01,0
18,143075,8.90,8.92,-0.02,0
18,143207,8.97,8.94,0.03,0
18,143374,8.99,8.96,0.03,0
18,143446,9.04,8.99,0.05,0
18,143543,8.91,8.96,-0.05,0
18,143685,8.88,8.93,-0.05,0
18,143852,8.93,8.93,0.00,0
18,143889,8.80,8.88,-0.08,0
18,144071,8.96,8.91,0.05,0
18,144188,9.21,9.03,0.18,0
18,144260,8.92,8.99,-0.07,0
18,144432,8.92,8.96,-0.04,0
18,144504,9.10,9.01,0.09,0
18,144696,8.71,8.90,-0.19,0
18,144788,8.52,8.75,-0.23,0
18,144885,8.46,8.64,-0.18,0
18,145032,8.25,8.49,-0.24,0
18,145114,8.28,8.41,-0.13,0
18,145316,8.33,8.38,-0.05,0
18,146134,7.81,8.15,-0.34,0
18,146206,7.43,7.87,-0.44,0
18,146373,7.10,7.57,-0.47,0
18,146505,15.16,10.53,4.63,0
18,146577,15.25,12.37,2.88,0
18,146724,14.94,13.38,1.56,0
18,146781,15.11,14.05,1.06,0
18,146988,14.68,14.30,0.38,0
18,147120,14.58,14.41,0.17,0
18,147177,14.38,14.40,-0.02,0
18,147249,14.22,14.33,-0.11,0
18,147441,14.38,14.35,0.03,0
18,147503,6.36,11.23,-4.87,0
18,147620,6.03,9.20,-3.17,0
18,147742,5.98,7.94,-1.96,0
18,147899,6.20,7.26,-1.06,0
18,148066,6.16,6.83,-0.67,0
18,148128,5.73,6.40,-0.67,0
18,148270,5.90,6.21,-0.31,0
18,148437,5.29,5.85,-0.56,0
18,148484,5.19,5.59,-0.40,0
18,148641,5.00,5.36,-0.36,0
18,148728,5.09,5.25,-0.16,0
18,148920,5.07,5.18,-0.11,0
18,148977,5.83,5.44,0.39,0
18,149064,5.09,5.30,-0.21,0
18,149387,4.34,4.93,-0.59,0
18,149444,4.38,4.71,-0.33,0
18,149531,4.19,4.51,-0.32,0
18,149733,3.95,4.29,-0.34,0
18,149830,3.95,4.16,-0.21,0
18,149997,3.95,4.08,-0.13,0
18,150034,3.93,4.02,-0.09,0
18,150176,4.25,4.11,0.14,0
18,150358,4.02,4.07,-0.05,0
18,150395,3.94,4.02,-0.08,0
18,150537,3.53,3.83,-0.30,0
18,150644,3.23,3.60,-0.37,0
18,150826,3.08,3.39,-0.31,0
18,150848,2.97,3.23,-0.26,0
18,150980,2.80,3.06,-0.26,0
18,151112,2.46,2.83,-0.37,0
18,151224,2.65,2.76,-0.11,0
18,151341,3.00,2.85,0.15,0
18,151558,3.27,3.02,0.25,0
18,151665,2.83,2.94,-0.11,0
18,151772,2.76,2.87,-0.11,0
18,151859,2.43,2.70,-0.27,0
18,151966,2.06,2.45,-0.39,0
18,152108,1.87,2.22,-0.35,0
18,152255,1.76,2.04,-0.28,0
18,152387,1.75,1.93,-0.18,0
18,152424,1.76,1.86,-0.10,0
18,152636,10.65,5.29,5.36,0
18,152733,10.12,7.18,2.94,0
18,152780,10.33,8.41,1.92,0
18,152927,10.29,9.14,1.15,0
18,153069,9.55,9.30,0.25,0
18,153141,9.53,9.39,0.14,0
18,153348,9.21,9.32,-0.11,0
18,153430,8.94,9.17,-0.23,0
18,153572,8.95,9.09,-0.14,0
18,153634,0.74,5.83,-5.09,0
18,153816,0.72,3.83,-3.11,0
18,153933,0.63,2.58,-1.95,0
18,154040,0.55,1.79,-1.24,0
18,154137,0.56,1.31,-0.75,0
18,154284,0.49,0.99,-0.50,0
18,154376,0.56,0.82,-0.26,0
18,154488,0.51,0.70,-0.19,0
18,154640,0.46,0.61,-0.15,0
18,154712,0.40,0.53,-0.13,0
18,154919,0.44,0.49,-0.05,0
18,155036,0.46,0.48,-0.02,0
18,155098,0.39,0.44,-0.05,0
18,155205,0.39,0.42,-0.03,0
18,155337,0.29,0.37,-0.08,0
18,155459,0.34,0.36,-0.02,0
18,155601,0.39,0.37,0.02,0
18,155688,0.39,0.38,0.01,0
18,155780,0.44,0.40,0.04,0
18,155997,0.40,0.40,-0.00,0
18,156059,0.38,0.39,-0.01,0
18,156156,0.43,0.41,0.02,0
18,156263,0.43,0.42,0.01,0
18,156455,0.42,0.42,0.00,0
18,156502,0.42,0.42,0.00,0
19,174235,8.87,8.87,0.00,0
19,174432,8.93,8.92,0.01,0
19,174499,9.00,8.96,0.04,0
19,174646,8.98,8.97,0.01,0
19,174823,9.16,9.05,0.11,0
19,174835,9.18,9.10,0.08,0
19,175042,9.23,9.15,0.08,0
19,175149,9.17,9.16,0.01,0
19,175221,9.14,9.15,-0.01,0
19,175343,9.16,9.15,0.01,0
19,175475,9.13,9.15,-0.02,0
19,175642,9.03,9.10,-0.07,0
19,175714,9.09,9.10,-0.01,0
19,175811,9.00,9.06,-0.06,0
19,175953,8.85,8.98,-0.13,0
19,176120,8.83,8.92,-0.09,0
19,176157,16.78,11.99,4.79,0
19,176339,16.82,13.87,2.95,0
19,176456,16.86,15.04,1.82,0
19,176528,16.42,15.58,0.84,0
19,176700,16.15,15.80,0.35,0
19,176767,16.30,16.00,0.30,0
19,176959,16.04,16.01,0.03,0
19,177056,15.68,15.88,-0.20,0
19,177153,15.34,15.67,-0.33,0
19,177295,7.40,12.44,-5.04,0
19,177382,7.09,10.35,-3.26,0
19,177584,6.71,8.93,-2.22,0
19,177611,6.32,7.91,-1.59,0
19,177743,6.34,7.30,-0.96,0
19,177920,5.88,6.74,-0.86,0
19,177982,5.81,6.38,-0.57,0
19,178184,5.28,5.95,-0.67,0
19,178281,5.04,5.59,-0.55,0
19,178403,4.86,5.31,-0.45,0
19,178475,4.79,5.11,-0.32,0
19,178642,4.50,4.87,-0.37,0
19,178774,4.15,4.59,-0.44,0
19,178846,3.81,4.28,-0.47,0
19,178988,3.73,4.07,-0.34,0
19,179050,3.64,3.90,-0.26,0
19,179252,3.26,3.65,-0.39,0
19,179384,2.98,3.39,-0.41,0
19,179517,2.70,3.12,-0.42,0
19,179709,2.31,2.80,-0.49,0
19,179771,2.15,2.55,-0.40,0
19,179888,1.96,2.32,-0.36,0
19,180010,1.84,2.13,-0.29,0
19,180167,1.64,1.94,-0.30,0
19,180334,1.41,1.73,-0.32,0
19,180391,1.32,1.57,-0.25,0
19,180538,1.20,1.43,-0.23,0
19,180705,1.12,1.31,-0.19,0
19,180752,1.07,1.21,-0.14,0
19,180909,0.94,1.11,-0.17,0
19,180991,0.93,1.04,-0.11,0
19,181183,0.80,0.95,-0.15,0
19,181245,0.69,0.85,-0.16,0
19,181327,0.74,0.80,-0.06,0
19,181459,0.77,0.79,-0.02,0
19,181651,0.84,0.81,0.03,0
19,181713,0.72,0.77,-0.05,0
20,201641,9.57,9.57,0.00,0
20,201833,9.59,9.59,0.00,0
20,201905,9.54,9.56,-0.02,0
20,202047,9.58,9.57,0.01,0
20,202229,17.61,12.84,4.77,0
20,202241,17.68,14.76,2.92,0
20,202443,17.35,15.78,1.57,0
20,202550,17.43,16.42,1.01,0
20,202622,17.37,16.79,0.58,0
20,202744,17.41,17.03,0.38,0
20,202876,16.97,17.01,-0.04,0
20,203043,17.07,17.03,0.04,0
20,203115,17.13,17.07,0.06,0
20,203212,8.95,13.90,-4.95,0
20,203354,8.98,11.98,-3.00,0
20,203526,8.78,10.73,-1.95,0
20,203558,8.74,9.95,-1.21,0
20,203740,8.60,9.43,-0.83,0
20,203862,8.54,9.08,-0.54,0
20,203934,8.45,8.83,-0.38,0
20,204101,8.32,8.63,-0.31,0
20,204173,8.20,8.46,-0.26,0
20,204365,7.93,8.26,-0.33,0
20,204462,7.79,8.07,-0.28,0
20,204554,7.65,7.91,-0.26,0
20,204701,7.38,7.70,-0.32,0
20,204783,7.19,7.50,-0.31,0
20,204990,6.69,7.19,-0.50,0
20,205012,6.61,6.96,-0.35,0
20,205144,6.40,6.74,-0.34,0
20,205326,6.01,6.46,-0.45,0
20,205383,5.93,6.25,-0.32,0
20,205590,5.44,5.93,-0.49,0
20,205682,5.24,5.66,-0.42,0
20,205804,4.97,5.39,-0.42,0
20,205876,4.87,5.19,-0.32,0
20,206043,4.34,4.86,-0.52,0
20,206175,4.09,4.56,-0.47,0
20,206247,3.85,4.28,-0.43,0
20,206394,3.60,4.02,-0.42,0
20,206451,3.41,3.78,-0.37,0
20,206658,3.00,3.47,-0.47,0
20,206790,2.79,3.21,-0.42,0
20,206847,2.50,2.93,-0.43,0
20,206919,2.26,2.67,-0.41,0
20,207111,1.99,2.40,-0.41,0
20,207173,1.90,2.21,-0.31,0
20,207290,1.72,2.02,-0.30,0
20,207412,1.53,1.83,-0.30,0
20,207569,1.29,1.62,-0.33,0
20,207736,1.06,1.40,-0.34,0
20,207798,1.00,1.24,-0.24,0
20,207940,0.84,1.09,-0.25,0
20,208107,0.72,0.94,-0.22,0
20,208154,8.58,3.92,4.66,0
20,208311,8.65,5.77,2.88,0
20,208398,8.61,6.88,1.73,0
20,208590,8.65,7.57,1.08,0
20,208647,8.55,7.95,0.60,0
20,208734,8.54,8.18,0.36,0
20,208866,8.65,8.36,0.29,0
20,209058,8.67,8.48,0.19,0
20,209115,8.27,8.40,-0.13,0
20,209202,0.53,5.33,-4.80,0
20,209404,0.44,3.42,-2.98,0
20,209501,0.41,2.24,-1.83,0
20,209668,0.44,1.54,-1.10,0
20,209705,0.40,1.10,-0.70,0
